URN,LA,Estab,SCHOOLTYPE,NOR,NORG,NORB,PNORG,PNORB,TSENELSE,PSENELSE,TSENELK,PSENELK,NUMEAL,NUMENGFL,NUMUNCFL,PNUMEAL,PNUMENGFL,PNUMUNCLF,NUMFSM,NUMFSMEVER,NORFSMEVER,PNUMFSMEVER
108886,873,6051,Independent school,49,16,33,32.65%,67.35%,37,75.51%,12,24.49%,,,,,,,,NA,NA,0.00%
110593,873,1001,State-funded nursery,57,29,28,50.88%,49.12%,1,1.75%,8,14.04%,27,30,0,47.40%,52.60%,0,0,NA,NA,0.00%
110594,873,1002,State-funded nursery,103,58,45,56.31%,43.69%,1,0.97%,0,0.00%,29,66,8,28.20%,64.10%,0.078,3,NA,NA,0.00%
110595,873,1003,State-funded nursery,107,57,50,53.27%,46.73%,0,0.00%,2,1.87%,15,92,0,14.00%,86.00%,0,0,NA,NA,0.00%
110596,873,1005,State-funded nursery,81,35,46,43.21%,56.79%,2,2.47%,12,14.81%,25,56,0,30.90%,69.10%,0,3,NA,NA,0.00%
110597,873,1006,State-funded nursery,84,49,35,58.33%,41.67%,0,0.00%,17,20.24%,24,60,0,28.60%,71.40%,0,0,NA,NA,0.00%
110598,873,1007,State-funded nursery,102,47,55,46.08%,53.92%,1,0.98%,20,19.61%,56,46,0,54.90%,45.10%,0,0,NA,NA,0.00%
110602,873,2002,State-funded primary,365,187,178,51.23%,48.77%,9,2.47%,59,16.16%,17,348,0,4.70%,95.30%,0,74,74,365,20.27%
110603,873,2004,State-funded primary,195,97,98,49.74%,50.26%,1,0.51%,23,11.79%,46,149,0,23.60%,76.40%,0,28,30,195,15.38%
110604,873,2006,State-funded primary,480,227,253,47.29%,52.71%,19,3.96%,57,11.88%,61,393,26,12.70%,81.90%,0.054,92,94,480,19.58%
110606,873,2010,State-funded primary,105,52,53,49.52%,50.48%,8,7.62%,12,11.43%,5,100,0,4.80%,95.20%,0,14,14,105,13.33%
110607,873,2011,State-funded primary,77,31,46,40.26%,59.74%,0,0.00%,20,25.97%,6,65,6,7.80%,84.40%,0.078,8,8,77,10.39%
110608,873,2012,State-funded primary,76,36,40,47.37%,52.63%,6,7.89%,16,21.05%,4,72,0,5.30%,94.70%,0,19,19,76,25.00%
110611,873,2016,State-funded primary,130,50,80,38.46%,61.54%,4,3.08%,25,19.23%,20,110,0,15.40%,84.60%,0,27,27,130,20.77%
110614,873,2028,State-funded primary,376,187,189,49.73%,50.27%,19,5.05%,62,16.49%,31,327,18,8.20%,87.00%,0.048,83,83,376,22.07%
110615,873,2029,State-funded primary,191,92,99,48.17%,51.83%,6,3.14%,36,18.85%,6,177,8,3.10%,92.70%,0.042,34,35,191,18.32%
110616,873,2031,State-funded primary,208,101,107,48.56%,51.44%,2,0.96%,22,10.58%,24,184,0,11.50%,88.50%,0,35,35,208,16.83%
110617,873,2033,State-funded primary,315,161,154,51.11%,48.89%,12,3.81%,33,10.48%,36,262,17,11.40%,83.20%,0.054,46,47,315,14.92%
110620,873,2046,State-funded primary,306,155,151,50.65%,49.35%,7,2.29%,41,13.40%,26,276,4,8.50%,90.20%,0.013,21,21,306,6.86%
110621,873,2048,State-funded primary,527,252,275,47.82%,52.18%,12,2.28%,61,11.57%,74,446,7,14.00%,84.60%,0.013,109,112,527,21.25%
110622,873,2054,State-funded primary,341,161,180,47.21%,52.79%,11,3.23%,50,14.66%,39,302,0,11.40%,88.60%,0,86,87,341,25.51%
110626,873,2059,State-funded primary,190,99,91,52.11%,47.89%,3,1.58%,24,12.63%,42,148,0,22.10%,77.90%,0,20,20,190,10.53%
110627,873,2060,State-funded primary,98,53,45,54.08%,45.92%,5,5.10%,27,27.55%,2,96,0,2.00%,98.00%,0,28,28,98,28.57%
110630,873,2064,State-funded primary,104,56,48,53.85%,46.15%,15,14.42%,21,20.19%,4,100,0,3.80%,96.20%,0,26,26,86,30.23%
110631,873,2065,State-funded primary,203,97,106,47.78%,52.22%,10,4.93%,32,15.76%,8,195,0,3.90%,96.10%,0,42,43,203,21.18%
110632,873,2066,State-funded primary,209,106,103,50.72%,49.28%,2,0.96%,22,10.53%,5,204,0,2.40%,97.60%,0,30,30,209,14.35%
110633,873,2068,State-funded primary,101,46,55,45.54%,54.46%,4,3.96%,29,28.71%,7,94,0,6.90%,93.10%,0,43,44,101,43.56%
110635,873,2070,State-funded primary,286,155,131,54.20%,45.80%,5,1.75%,30,10.49%,25,261,0,8.70%,91.30%,0,48,53,286,18.53%
110637,873,2074,State-funded primary,398,201,197,50.50%,49.50%,9,2.26%,69,17.34%,56,341,1,14.10%,85.70%,0.003,101,102,398,25.63%
110638,873,2075,State-funded primary,211,104,107,49.29%,50.71%,16,7.58%,35,16.59%,6,205,0,2.80%,97.20%,0,70,72,211,34.12%
110643,873,2082,State-funded primary,153,80,73,52.29%,47.71%,9,5.88%,28,18.30%,9,144,0,5.90%,94.10%,0,58,59,153,38.56%
110644,873,2083,State-funded primary,108,65,43,60.19%,39.81%,7,6.48%,22,20.37%,6,102,0,5.60%,94.40%,0,31,32,108,29.63%
110645,873,2084,State-funded primary,180,81,99,45.00%,55.00%,3,1.67%,25,13.89%,10,170,0,5.60%,94.40%,0,43,43,180,23.89%
110649,873,2091,State-funded primary,194,93,101,47.94%,52.06%,6,3.09%,36,18.56%,55,139,0,28.40%,71.60%,0,51,51,169,30.18%
110657,873,2107,State-funded primary,381,194,187,50.92%,49.08%,10,2.62%,50,13.12%,186,193,2,48.80%,50.70%,0.005,65,67,381,17.59%
110658,873,2109,State-funded primary,222,123,99,55.41%,44.59%,3,1.35%,19,8.56%,50,170,2,22.50%,76.60%,0.009,16,16,222,7.21%
110663,873,2115,State-funded primary,344,181,163,52.62%,47.38%,23,6.69%,78,22.67%,93,247,4,27.00%,71.80%,0.012,148,150,344,43.60%
110664,873,2118,State-funded primary,381,189,192,49.61%,50.39%,10,2.62%,63,16.54%,99,279,3,26.00%,73.20%,0.008,161,162,381,42.52%
110665,873,2119,State-funded primary,228,106,122,46.49%,53.51%,22,9.65%,40,17.54%,97,129,2,42.50%,56.60%,0.009,55,55,211,26.07%
110666,873,2121,State-funded primary,400,200,200,50.00%,50.00%,34,8.50%,37,9.25%,143,254,3,35.80%,63.50%,0.008,69,69,400,17.25%
110668,873,2123,State-funded primary,249,112,137,44.98%,55.02%,13,5.22%,26,10.44%,86,163,0,34.50%,65.50%,0,105,105,211,49.76%
110673,873,2205,State-funded primary,75,28,47,37.33%,62.67%,4,5.33%,12,16.00%,12,63,0,16.00%,84.00%,0,15,16,75,21.33%
110676,873,2208,State-funded primary,224,108,116,48.21%,51.79%,3,1.34%,41,18.30%,9,215,0,4.00%,96.00%,0,34,34,191,17.80%
110679,873,2211,State-funded primary,263,134,129,50.95%,49.05%,3,1.14%,28,10.65%,16,247,0,6.10%,93.90%,0,25,26,263,9.89%
110680,873,2212,State-funded primary,181,91,90,50.28%,49.72%,6,3.31%,32,17.68%,8,173,0,4.40%,95.60%,0,14,14,181,7.73%
110685,873,2217,State-funded primary,134,64,70,47.76%,52.24%,11,8.21%,22,16.42%,7,127,0,5.20%,94.80%,0,39,41,134,30.60%
110687,873,2219,State-funded primary,186,87,99,46.77%,53.23%,11,5.91%,19,10.22%,13,173,0,7.00%,93.00%,0,35,36,186,19.35%
110698,873,2232,State-funded primary,234,117,117,50.00%,50.00%,13,5.56%,28,11.97%,98,136,0,41.90%,58.10%,0,55,56,234,23.93%
110702,873,2239,State-funded primary,299,154,145,51.51%,48.49%,14,4.68%,38,12.71%,13,283,3,4.30%,94.60%,0.01,83,84,299,28.09%
110703,873,2240,State-funded primary,130,71,59,54.62%,45.38%,3,2.31%,29,22.31%,14,116,0,10.80%,89.20%,0,24,25,130,19.23%
110707,873,2246,State-funded primary,206,104,102,50.49%,49.51%,6,2.91%,25,12.14%,100,106,0,48.50%,51.50%,0,34,34,170,20.00%
110713,873,2254,State-funded primary,159,66,93,41.51%,58.49%,7,4.40%,17,10.69%,13,146,0,8.20%,91.80%,0,32,32,159,20.13%
110714,873,2255,State-funded primary,199,95,104,47.74%,52.26%,6,3.02%,29,14.57%,18,181,0,9.00%,91.00%,0,41,41,199,20.60%
110717,873,2260,State-funded primary,52,20,32,38.46%,61.54%,4,7.69%,16,30.77%,2,50,0,3.80%,96.20%,0,14,14,52,26.92%
110733,873,2293,State-funded primary,293,143,150,48.81%,51.19%,15,5.12%,42,14.33%,13,280,0,4.40%,95.60%,0,47,47,293,16.04%
110746,873,2312,State-funded primary,218,110,108,50.46%,49.54%,8,3.67%,14,6.42%,94,124,0,43.10%,56.90%,0,29,29,190,15.26%
110748,873,2315,State-funded primary,570,292,278,51.23%,48.77%,18,3.16%,82,14.39%,162,406,2,28.40%,71.20%,0.004,112,114,545,20.92%
110750,873,2317,State-funded primary,646,317,329,49.07%,50.93%,18,2.79%,86,13.31%,182,463,1,28.20%,71.70%,0.002,95,94,623,15.09%
110754,873,2321,State-funded primary,449,208,241,46.33%,53.67%,27,6.01%,62,13.81%,34,412,3,7.60%,91.80%,0.007,92,92,449,20.49%
110758,873,2327,State-funded primary,377,198,179,52.52%,47.48%,6,1.59%,45,11.94%,7,369,1,1.90%,97.90%,0.003,77,79,377,20.95%
110759,873,2328,State-funded primary,264,126,138,47.73%,52.27%,9,3.41%,48,18.18%,34,230,0,12.90%,87.10%,0,41,41,264,15.53%
110760,873,2329,State-funded primary,143,71,72,49.65%,50.35%,20,13.99%,18,12.59%,21,122,0,14.70%,85.30%,0,53,53,143,37.06%
110762,873,2331,State-funded primary,82,37,45,45.12%,54.88%,7,8.54%,20,24.39%,3,79,0,3.70%,96.30%,0,39,39,70,55.71%
110763,873,2333,State-funded primary,403,206,197,51.12%,48.88%,11,2.73%,43,10.67%,185,216,2,45.90%,53.60%,0.005,69,70,375,18.67%
110765,873,2335,State-funded primary,187,90,97,48.13%,51.87%,9,4.81%,24,12.83%,82,105,0,43.90%,56.10%,0,13,15,187,8.02%
110766,873,2336,State-funded primary,398,198,200,49.75%,50.25%,9,2.26%,86,21.61%,143,254,1,35.90%,63.80%,0.003,107,111,364,30.49%
110771,873,2442,State-funded primary,131,63,68,48.09%,51.91%,4,3.05%,11,8.40%,7,124,0,5.30%,94.70%,0,18,18,131,13.74%
110772,873,2443,State-funded primary,386,186,200,48.19%,51.81%,13,3.37%,36,9.33%,95,291,0,24.60%,75.40%,0,49,50,386,12.95%
110773,873,2444,State-funded primary,365,172,193,47.12%,52.88%,13,3.56%,26,7.12%,64,301,0,17.50%,82.50%,0,39,40,365,10.96%
110775,873,2446,State-funded primary,394,204,190,51.78%,48.22%,10,2.54%,49,12.44%,223,171,0,56.60%,43.40%,0,149,152,394,38.58%
110781,873,3001,State-funded primary,165,75,90,45.45%,54.55%,8,4.85%,18,10.91%,23,141,1,13.90%,85.50%,0.006,24,24,165,14.55%
110784,873,3008,State-funded primary,123,72,51,58.54%,41.46%,1,0.81%,18,14.63%,4,119,0,3.30%,96.70%,0,23,26,118,22.03%
110785,873,3009,State-funded primary,142,64,78,45.07%,54.93%,3,2.11%,17,11.97%,12,128,2,8.50%,90.10%,0.014,24,24,142,16.90%
110786,873,3011,State-funded primary,107,45,62,42.06%,57.94%,5,4.67%,12,11.21%,20,87,0,18.70%,81.30%,0,17,17,107,15.89%
110787,873,3012,State-funded primary,69,30,39,43.48%,56.52%,0,0.00%,12,17.39%,18,51,0,26.10%,73.90%,0,13,13,69,18.84%
110788,873,3014,State-funded primary,414,194,220,46.86%,53.14%,13,3.14%,70,16.91%,21,393,0,5.10%,94.90%,0,47,48,414,11.59%
110791,873,3022,State-funded primary,210,95,115,45.24%,54.76%,3,1.43%,39,18.57%,12,198,0,5.70%,94.30%,0,23,23,210,10.95%
110793,873,3029,State-funded primary,148,80,68,54.05%,45.95%,4,2.70%,39,26.35%,5,143,0,3.40%,96.60%,0,20,20,148,13.51%
110795,873,3032,State-funded primary,185,81,104,43.78%,56.22%,7,3.78%,31,16.76%,14,171,0,7.60%,92.40%,0,27,29,185,15.68%
110796,873,3035,State-funded primary,140,68,72,48.57%,51.43%,3,2.14%,32,22.86%,11,129,0,7.90%,92.10%,0,15,15,140,10.71%
110798,873,3041,State-funded primary,158,72,86,45.57%,54.43%,4,2.53%,25,15.82%,19,139,0,12.00%,88.00%,0,23,23,158,14.56%
110801,873,3050,State-funded primary,183,99,84,54.10%,45.90%,7,3.83%,27,14.75%,86,96,1,47.00%,52.50%,0.005,40,40,152,26.32%
110802,873,3052,State-funded primary,269,135,134,50.19%,49.81%,15,5.58%,49,18.22%,9,250,10,3.30%,92.90%,0.037,59,60,269,22.30%
110804,873,3054,State-funded primary,108,60,48,55.56%,44.44%,6,5.56%,21,19.44%,2,106,0,1.90%,98.10%,0,27,27,102,26.47%
110807,873,3058,State-funded primary,323,171,152,52.94%,47.06%,18,5.57%,52,16.10%,29,294,0,9.00%,91.00%,0,83,87,323,26.93%
110809,873,3061,State-funded primary,206,108,98,52.43%,47.57%,15,7.28%,32,15.53%,12,194,0,5.80%,94.20%,0,27,28,206,13.59%
110812,873,3065,State-funded primary,95,52,43,54.74%,45.26%,3,3.16%,26,27.37%,1,94,0,1.10%,98.90%,0,14,14,95,14.74%
110814,873,3067,State-funded primary,143,62,81,43.36%,56.64%,1,0.70%,25,17.48%,1,142,0,0.70%,99.30%,0,11,11,143,7.69%
110815,873,3068,State-funded primary,88,47,41,53.41%,46.59%,2,2.27%,12,13.64%,3,85,0,3.40%,96.60%,0,12,12,88,13.64%
110817,873,3071,State-funded primary,199,91,108,45.73%,54.27%,8,4.02%,31,15.58%,12,172,15,6.00%,86.40%,0.075,21,24,199,12.06%
110820,873,3074,State-funded primary,221,107,114,48.42%,51.58%,9,4.07%,17,7.69%,38,183,0,17.20%,82.80%,0,37,38,198,19.19%
110827,873,3081,State-funded primary,90,40,50,44.44%,55.56%,5,5.56%,10,11.11%,0,90,0,0.00%,100.00%,0,12,12,90,13.33%
110829,873,3301,State-funded primary,121,58,63,47.93%,52.07%,3,2.48%,9,7.44%,29,92,0,24.00%,76.00%,0,8,8,121,6.61%
110830,873,3308,State-funded primary,130,64,66,49.23%,50.77%,3,2.31%,17,13.08%,9,118,3,6.90%,90.80%,0.023,10,10,130,7.69%
110831,873,3310,State-funded primary,206,116,90,56.31%,43.69%,5,2.43%,27,13.11%,18,188,0,8.70%,91.30%,0,17,17,206,8.25%
110832,873,3317,State-funded primary,161,88,73,54.66%,45.34%,3,1.86%,14,8.70%,8,153,0,5.00%,95.00%,0,31,31,161,19.25%
110834,873,3325,State-funded primary,173,89,84,51.45%,48.55%,10,5.78%,30,17.34%,23,149,1,13.30%,86.10%,0.006,69,69,173,39.88%
110836,873,3331,State-funded primary,134,63,71,47.01%,52.99%,1,0.75%,14,10.45%,0,134,0,0.00%,100.00%,0,24,24,134,17.91%
110837,873,3350,State-funded primary,116,56,60,48.28%,51.72%,4,3.45%,19,16.38%,47,64,5,40.50%,55.20%,0.043,15,15,116,12.93%
110839,873,3356,State-funded primary,152,77,75,50.66%,49.34%,4,2.63%,21,13.82%,50,101,1,32.90%,66.40%,0.007,30,30,152,19.74%
110840,873,3358,State-funded primary,227,115,112,50.66%,49.34%,5,2.20%,33,14.54%,121,106,0,53.30%,46.70%,0,71,72,227,31.72%
110847,873,3368,State-funded primary,135,68,67,50.37%,49.63%,3,2.22%,12,8.89%,2,133,0,1.50%,98.50%,0,9,9,135,6.67%
110850,873,3373,State-funded primary,99,53,46,53.54%,46.46%,1,1.01%,8,8.08%,1,98,0,1.00%,99.00%,0,8,8,99,8.08%
110888,873,5200,State-funded primary,188,106,82,56.38%,43.62%,1,0.53%,26,13.83%,3,185,0,1.60%,98.40%,0,22,23,188,12.23%
110911,873,6000,Independent school,390,145,245,37.18%,62.82%,0,0.00%,92,23.59%,,,,,,,,NA,NA,0.00%
110912,873,6001,Independent school,586,586,0,100.00%,0.00%,1,0.17%,159,27.13%,,,,,,,,NA,NA,0.00%
110913,873,6002,Independent school,553,253,300,45.75%,54.25%,1,0.18%,84,15.19%,,,,,,,,NA,NA,0.00%
110914,873,6003,Independent school,564,233,331,41.31%,58.69%,0,0.00%,178,31.56%,,,,,,,,NA,NA,0.00%
110915,873,6004,Independent school,405,180,225,44.44%,55.56%,8,1.98%,127,31.36%,,,,,,,,NA,NA,0.00%
110916,873,6005,Independent school,1156,571,585,49.39%,50.61%,0,0.00%,0,0.00%,,,,,,,,NA,NA,0.00%
110920,873,6008,Independent school,47,10,37,21.28%,78.72%,47,100.00%,0,0.00%,,,,,,,,NA,NA,0.00%
110921,873,6009,Independent school,391,177,214,45.27%,54.73%,7,1.79%,69,17.65%,,,,,,,,NA,NA,0.00%
110923,873,6010,Independent school,1735,820,915,47.26%,52.74%,0,0.00%,315,18.16%,,,,,,,,NA,NA,0.00%
110924,873,6011,Independent school,1624,829,795,51.05%,48.95%,4,0.25%,152,9.36%,,,,,,,,NA,NA,0.00%
110925,873,6012,Independent school,1071,531,540,49.58%,50.42%,2,0.19%,219,20.45%,,,,,,,,NA,NA,0.00%
110926,873,6013,Independent school,593,287,306,48.40%,51.60%,11,1.85%,150,25.30%,,,,,,,,NA,NA,0.00%
110928,873,6015,Independent school,118,60,58,50.85%,49.15%,0,0.00%,13,11.02%,,,,,,,,NA,NA,0.00%
110930,873,6017,Independent school,159,72,87,45.28%,54.72%,1,0.63%,49,30.82%,,,,,,,,NA,NA,0.00%
110932,873,6019,Independent school,151,59,92,39.07%,60.93%,0,0.00%,9,5.96%,,,,,,,,NA,NA,0.00%
110935,873,6022,Independent school,534,327,207,61.24%,38.76%,0,0.00%,45,8.43%,,,,,,,,NA,NA,0.00%
110951,873,7023,State-funded special school,124,47,77,37.90%,62.10%,124,100.00%,0,0.00%,3,121,0,2.40%,97.60%,0,56,49,108,45.37%
131197,873,3392,State-funded primary,298,149,149,50.00%,50.00%,4,1.34%,21,7.05%,56,240,2,18.80%,80.50%,0.007,48,48,298,16.11%
131238,873,3384,State-funded primary,201,103,98,51.24%,48.76%,6,2.99%,17,8.46%,28,173,0,13.90%,86.10%,0,39,40,201,19.90%
131330,873,6024,Independent school,35,18,17,51.43%,48.57%,33,94.29%,1,2.86%,,,,,,,,NA,NA,0.00%
131937,873,6029,Independent school,100,50,50,50.00%,50.00%,3,3.00%,25,25.00%,,,,,,,,NA,NA,0.00%
131996,873,2449,State-funded primary,407,211,196,51.84%,48.16%,6,1.47%,61,14.99%,125,282,0,30.70%,69.30%,0,74,75,407,18.43%
132031,873,2452,State-funded primary,380,188,192,49.47%,50.53%,7,1.84%,63,16.58%,28,352,0,7.40%,92.60%,0,98,101,380,26.58%
133311,873,2453,State-funded primary,226,124,102,54.87%,45.13%,13,5.75%,17,7.52%,70,156,0,31.00%,69.00%,0,48,48,206,23.30%
133570,873,6041,Independent school,21,6,15,28.57%,71.43%,21,100.00%,0,0.00%,,,,,,,,NA,NA,0.00%
133651,873,6032,Independent school,9,0,9,0.00%,100.00%,9,100.00%,0,0.00%,,,,,,,,NA,NA,0.00%
133930,873,3386,State-funded primary,411,205,206,49.88%,50.12%,11,2.68%,41,9.98%,162,246,3,39.40%,59.90%,0.007,58,59,411,14.36%
134179,873,6033,Independent school,40,10,30,25.00%,75.00%,38,95.00%,2,5.00%,,,,,,,,NA,NA,0.00%
134765,873,1105,State-funded AP school,2,1,1,50.00%,50.00%,1,50.00%,1,50.00%,1,1,0,50.00%,50.00%,0,0,0,1,0.00%
134894,873,3389,State-funded primary,374,197,177,52.67%,47.33%,11,2.94%,48,12.83%,172,202,0,46.00%,54.00%,0,61,61,374,16.31%
134937,873,7025,State-funded special school,182,55,127,30.22%,69.78%,182,100.00%,0,0.00%,40,142,0,22.00%,78.00%,0,75,70,144,48.61%
134972,873,7026,State-funded special school,235,77,158,32.77%,67.23%,235,100.00%,0,0.00%,48,186,1,20.40%,79.10%,0.004,106,84,185,45.41%
134979,873,3390,State-funded primary,192,93,99,48.44%,51.56%,12,6.25%,29,15.10%,66,126,0,34.40%,65.60%,0,70,67,169,39.64%
135131,873,3942,State-funded primary,610,311,299,50.98%,49.02%,20,3.28%,63,10.33%,81,528,1,13.30%,86.60%,0.002,139,140,610,22.95%
135132,873,3943,State-funded primary,410,219,191,53.41%,46.59%,11,2.68%,45,10.98%,58,345,7,14.10%,84.10%,0.017,66,66,410,16.10%
135380,873,6044,Independent school,4,1,3,25.00%,75.00%,2,50.00%,2,50.00%,,,,,,,,NA,NA,0.00%
135404,873,6045,Independent school,197,94,103,47.72%,52.28%,1,0.51%,39,19.80%,,,,,,,,NA,NA,0.00%
135568,873,3945,State-funded primary,444,223,221,50.23%,49.77%,24,5.41%,39,8.78%,174,265,5,39.20%,59.70%,0.011,153,153,444,34.46%
136047,873,6048,Independent school,158,31,127,19.62%,80.38%,158,100.00%,0,0.00%,,,,,,,,NA,NA,0.00%
136083,873,6049,Independent school,428,199,229,46.50%,53.50%,1,0.23%,10,2.34%,,,,,,,,NA,NA,0.00%
136236,873,6028,Independent school,19,12,7,63.16%,36.84%,19,100.00%,0,0.00%,,,,,,,,NA,NA,0.00%
136241,873,3946,State-funded primary,405,198,207,48.89%,51.11%,15,3.70%,37,9.14%,183,222,0,45.20%,54.80%,0,85,85,352,24.15%
136332,873,5203,State-funded primary,296,122,174,41.22%,58.78%,8,2.70%,16,5.41%,73,223,0,24.70%,75.30%,0,21,21,248,8.47%
136339,873,5204,State-funded primary,371,176,195,47.44%,52.56%,9,2.43%,78,21.02%,82,289,0,22.10%,77.90%,0,60,62,371,16.71%
136442,873,5416,State-funded secondary,803,410,393,51.06%,48.94%,27,3.36%,68,8.47%,63,738,2,7.80%,91.90%,0.002,127,132,803,16.44%
136463,873,5406,State-funded secondary,1962,943,1019,48.06%,51.94%,149,7.59%,87,4.43%,206,1755,1,10.50%,89.40%,0.001,204,182,1474,12.35%
136580,873,4007,State-funded secondary,1246,616,630,49.44%,50.56%,46,3.69%,103,8.27%,118,1123,5,9.50%,90.10%,0.004,192,203,1246,16.29%
136610,873,5415,State-funded secondary,1432,705,727,49.23%,50.77%,73,5.10%,160,11.17%,149,1283,0,10.40%,89.60%,0,263,272,1432,18.99%
136636,873,4027,State-funded secondary,694,348,346,50.14%,49.86%,22,3.17%,133,19.16%,320,374,0,46.10%,53.90%,0,124,126,678,18.58%
136650,873,4031,State-funded secondary,571,280,291,49.04%,50.96%,17,2.98%,99,17.34%,196,371,4,34.30%,65.00%,0.007,210,222,571,38.88%
136653,873,2087,State-funded primary,658,319,339,48.48%,51.52%,17,2.58%,115,17.48%,40,617,1,6.10%,93.80%,0.002,157,158,617,25.61%
136670,873,2072,State-funded primary,199,98,101,49.25%,50.75%,5,2.51%,25,12.56%,9,190,0,4.50%,95.50%,0,71,71,199,35.68%
136677,873,4002,State-funded secondary,1465,727,738,49.62%,50.38%,46,3.14%,246,16.79%,134,1331,0,9.10%,90.90%,0,299,304,1465,20.75%
136775,873,5408,State-funded secondary,1194,590,604,49.41%,50.59%,46,3.85%,180,15.08%,144,1035,15,12.10%,86.70%,0.013,187,193,1194,16.16%
136802,873,2000,State-funded primary,250,129,121,51.60%,48.40%,8,3.20%,55,22.00%,86,164,0,34.40%,65.60%,0,108,109,234,46.58%
136814,873,2001,State-funded primary,493,267,226,54.16%,45.84%,13,2.64%,24,4.87%,76,417,0,15.40%,84.60%,0,83,86,493,17.44%
136887,873,4029,State-funded secondary,1129,596,533,52.79%,47.21%,31,2.75%,100,8.86%,240,888,1,21.30%,78.70%,0.001,181,181,1035,17.49%
136931,873,1000,State-funded nursery,40,22,18,55.00%,45.00%,1,2.50%,2,5.00%,18,22,0,45.00%,55.00%,0,0,NA,NA,0.00%
136974,873,5403,State-funded secondary,1085,528,557,48.66%,51.34%,43,3.96%,56,5.16%,55,1030,0,5.10%,94.90%,0,201,184,911,20.20%
136992,873,5411,State-funded secondary,1554,792,762,50.97%,49.03%,34,2.19%,170,10.94%,150,1404,0,9.70%,90.30%,0,325,316,1358,23.27%
137248,873,5412,State-funded secondary,1525,736,789,48.26%,51.74%,86,5.64%,217,14.23%,287,1238,0,18.80%,81.20%,0,452,435,1331,32.68%
137305,873,4064,State-funded secondary,1493,722,771,48.36%,51.64%,22,1.47%,207,13.86%,154,1336,3,10.30%,89.50%,0.002,261,251,1348,18.62%
137377,873,4603,State-funded secondary,1056,534,522,50.57%,49.43%,35,3.31%,41,3.88%,56,1000,0,5.30%,94.70%,0,268,260,981,26.50%
137427,873,5401,State-funded secondary,658,321,337,48.78%,51.22%,20,3.04%,81,12.31%,29,627,2,4.40%,95.30%,0.003,112,115,658,17.48%
137434,873,4038,State-funded secondary,877,432,445,49.26%,50.74%,30,3.42%,98,11.17%,87,783,7,9.90%,89.30%,0.008,152,154,877,17.56%
137475,873,4503,State-funded secondary,2109,1089,1020,51.64%,48.36%,62,2.94%,240,11.38%,272,1801,36,12.90%,85.40%,0.017,414,383,1696,22.58%
137527,873,4040,State-funded secondary,585,273,312,46.67%,53.33%,42,7.18%,30,5.13%,31,551,3,5.30%,94.20%,0.005,142,147,585,25.13%
137547,873,4055,State-funded secondary,767,379,388,49.41%,50.59%,46,6.00%,126,16.43%,55,710,2,7.20%,92.60%,0.003,199,201,767,26.21%
137594,873,7092,State-funded special school,137,14,123,10.22%,89.78%,137,100.00%,0,0.00%,0,136,1,0.00%,99.30%,0.007,86,80,123,65.04%
137626,873,3002,State-funded primary,200,94,106,47.00%,53.00%,6,3.00%,23,11.50%,19,177,4,9.50%,88.50%,0.02,24,24,200,12.00%
137639,873,3063,State-funded primary,328,141,187,42.99%,57.01%,17,5.18%,57,17.38%,17,311,0,5.20%,94.80%,0,38,40,328,12.20%
137826,873,4004,State-funded secondary,1449,653,796,45.07%,54.93%,117,8.07%,140,9.66%,206,1241,2,14.20%,85.60%,0.001,187,166,1197,13.87%
137867,873,4000,State-funded secondary,1349,684,665,50.70%,49.30%,78,5.78%,189,14.01%,406,938,5,30.10%,69.50%,0.004,536,520,1256,41.40%
137924,873,4602,State-funded secondary,938,468,470,49.89%,50.11%,83,8.85%,56,5.97%,237,699,2,25.30%,74.50%,0.002,143,150,938,15.99%
138029,873,2209,State-funded primary,414,192,222,46.38%,53.62%,18,4.35%,27,6.52%,43,370,1,10.40%,89.40%,0.002,70,70,414,16.91%
138053,873,4051,State-funded secondary,1104,544,560,49.28%,50.72%,45,4.08%,147,13.32%,48,1047,9,4.30%,94.80%,0.008,268,256,1004,25.50%
138177,873,4045,State-funded secondary,1524,800,724,52.49%,47.51%,68,4.46%,171,11.22%,96,1427,1,6.30%,93.60%,0.001,390,388,1376,28.20%
138280,873,2005,State-funded primary,248,115,133,46.37%,53.63%,8,3.23%,65,26.21%,38,210,0,15.30%,84.70%,0,89,93,206,45.15%
138595,873,2257,State-funded primary,215,97,118,45.12%,54.88%,4,1.86%,35,16.28%,24,190,1,11.20%,88.40%,0.005,27,27,215,12.56%
138993,873,2007,State-funded primary,415,205,210,49.40%,50.60%,12,2.89%,56,13.49%,85,321,9,20.50%,77.30%,0.022,43,44,415,10.60%
139086,873,2319,State-funded primary,403,198,205,49.13%,50.87%,13,3.23%,47,11.66%,78,294,31,19.40%,73.00%,0.077,61,61,403,15.14%
139087,873,2318,State-funded primary,376,189,187,50.27%,49.73%,10,2.66%,31,8.24%,50,319,7,13.30%,84.80%,0.019,36,36,376,9.57%
139088,873,2021,State-funded primary,115,60,55,52.17%,47.83%,3,2.61%,20,17.39%,6,108,1,5.20%,93.90%,0.009,9,9,102,8.82%
139272,873,4003,State-funded secondary,1222,602,620,49.26%,50.74%,43,3.52%,122,9.98%,119,1102,1,9.70%,90.20%,0.001,450,446,1161,38.42%
139401,873,4005,State-funded secondary,689,335,354,48.62%,51.38%,51,7.40%,119,17.27%,235,451,3,34.10%,65.50%,0.004,344,347,689,50.36%
139408,873,4006,State-funded secondary,1461,710,751,48.60%,51.40%,65,4.45%,126,8.62%,351,1070,40,24.00%,73.20%,0.027,235,227,1388,16.35%
139466,873,2094,State-funded primary,443,227,216,51.24%,48.76%,19,4.29%,109,24.60%,189,244,10,42.70%,55.10%,0.023,117,119,402,29.60%
139537,873,3383,State-funded primary,192,95,97,49.48%,50.52%,9,4.69%,26,13.54%,22,170,0,11.50%,88.50%,0,62,62,192,32.29%
139555,873,2008,State-funded primary,267,122,145,45.69%,54.31%,19,7.12%,49,18.35%,72,195,0,27.00%,73.00%,0,37,37,214,17.29%
139556,873,2013,State-funded primary,167,87,80,52.10%,47.90%,6,3.59%,23,13.77%,68,99,0,40.70%,59.30%,0,55,55,167,32.93%
139634,873,2019,State-funded primary,409,198,211,48.41%,51.59%,10,2.44%,90,22.00%,100,309,0,24.40%,75.60%,0,87,87,362,24.03%
139844,873,3367,State-funded primary,204,113,91,55.39%,44.61%,7,3.43%,31,15.20%,5,198,1,2.50%,97.10%,0.005,32,32,204,15.69%
140173,873,2020,State-funded primary,350,178,172,50.86%,49.14%,15,4.29%,71,20.29%,179,171,0,51.10%,48.90%,0,163,163,350,46.57%
140174,873,2022,State-funded primary,234,119,115,50.85%,49.15%,13,5.56%,43,18.38%,114,120,0,48.70%,51.30%,0,93,93,234,39.74%
140265,873,4008,State-funded secondary,455,133,322,29.23%,70.77%,5,1.10%,113,24.84%,130,293,32,28.60%,64.40%,0.07,83,72,325,22.15%
140386,873,2023,State-funded primary,83,44,39,53.01%,46.99%,0,0.00%,14,16.87%,2,81,0,2.40%,97.60%,0,13,13,64,20.31%
140483,873,2024,State-funded primary,446,233,213,52.24%,47.76%,17,3.81%,34,7.62%,59,387,0,13.20%,86.80%,0,38,38,397,9.57%
140499,873,5201,State-funded primary,453,229,224,50.55%,49.45%,18,3.97%,46,10.15%,22,431,0,4.90%,95.10%,0,64,65,405,16.05%
140535,873,2210,State-funded primary,82,40,42,48.78%,51.22%,2,2.44%,10,12.20%,1,81,0,1.20%,98.80%,0,11,11,70,15.71%
140538,873,2088,State-funded primary,261,124,137,47.51%,52.49%,14,5.36%,37,14.18%,36,225,0,13.80%,86.20%,0,78,81,219,36.99%
140622,873,2025,State-funded primary,207,109,98,52.66%,47.34%,4,1.93%,28,13.53%,5,192,10,2.40%,92.80%,0.048,23,24,207,11.59%
140882,873,7004,State-funded special school,146,44,102,30.14%,69.86%,146,100.00%,0,0.00%,9,137,0,6.20%,93.80%,0,71,74,146,50.68%
140888,873,2026,State-funded primary,308,165,143,53.57%,46.43%,23,7.47%,40,12.99%,77,231,0,25.00%,75.00%,0,101,102,295,34.58%
141211,873,2027,State-funded primary,205,95,110,46.34%,53.66%,12,5.85%,46,22.44%,13,192,0,6.30%,93.70%,0,54,54,205,26.34%
141212,873,2030,State-funded primary,117,54,63,46.15%,53.85%,3,2.56%,10,8.55%,4,113,0,3.40%,96.60%,0,13,13,95,13.68%
141213,873,2032,State-funded primary,231,112,119,48.48%,51.52%,11,4.76%,42,18.18%,77,150,4,33.30%,64.90%,0.017,101,103,231,44.59%
141297,873,2451,State-funded primary,233,116,117,49.79%,50.21%,7,3.00%,36,15.45%,66,167,0,28.30%,71.70%,0,48,48,204,23.53%
141500,873,2034,State-funded primary,671,328,343,48.88%,51.12%,30,4.47%,64,9.54%,267,403,1,39.80%,60.10%,0.001,55,57,626,9.11%
141552,873,3083,State-funded primary,460,215,245,46.74%,53.26%,23,5.00%,113,24.57%,59,394,7,12.80%,85.70%,0.015,70,68,417,16.31%
141690,873,2036,State-funded primary,260,123,137,47.31%,52.69%,20,7.69%,39,15.00%,55,203,2,21.20%,78.10%,0.008,78,78,260,30.00%
141707,873,3362,State-funded primary,240,108,132,45.00%,55.00%,19,7.92%,28,11.67%,67,170,3,27.90%,70.80%,0.013,84,84,240,35.00%
141879,873,6052,Independent school,9,5,4,55.56%,44.44%,2,22.22%,5,55.56%,,,,,,,,NA,NA,0.00%
141949,873,2037,State-funded primary,322,153,169,47.52%,52.48%,8,2.48%,33,10.25%,44,275,3,13.70%,85.40%,0.009,34,38,322,11.80%
142034,873,2038,State-funded primary,70,37,33,52.86%,47.14%,1,1.43%,10,14.29%,18,49,3,25.70%,70.00%,0.043,26,27,62,43.55%
142035,873,4011,State-funded secondary,1266,630,636,49.76%,50.24%,38,3.00%,123,9.72%,300,966,0,23.70%,76.30%,0,323,301,996,30.22%
142378,873,1109,State-funded AP school,9,3,6,33.33%,66.67%,2,22.22%,2,22.22%,0,9,0,0.00%,100.00%,0,4,6,9,66.67%
142424,873,2092,State-funded primary,206,96,110,46.60%,53.40%,6,2.91%,20,9.71%,110,96,0,53.40%,46.60%,0,66,69,206,33.50%
142498,873,2447,State-funded primary,379,173,206,45.65%,54.35%,12,3.17%,88,23.22%,55,324,0,14.50%,85.50%,0,82,83,379,21.90%
142557,873,7018,State-funded special school,202,67,135,33.17%,66.83%,202,100.00%,0,0.00%,23,179,0,11.40%,88.60%,0,99,93,186,50.00%
142638,873,2014,State-funded primary,395,190,205,48.10%,51.90%,22,5.57%,66,16.71%,4,391,0,1.00%,99.00%,0,56,57,368,15.49%
142776,873,6054,Independent school,104,47,57,45.19%,54.81%,6,5.77%,22,21.15%,,,,,,,,NA,NA,0.00%
142793,873,1108,State-funded AP school,8,3,5,37.50%,62.50%,3,37.50%,3,37.50%,2,6,0,25.00%,75.00%,0,1,6,8,75.00%
142810,873,2040,State-funded primary,207,98,109,47.34%,52.66%,7,3.38%,32,15.46%,6,201,0,2.90%,97.10%,0,79,79,175,45.14%
142811,873,2042,State-funded primary,59,38,21,64.41%,35.59%,3,5.08%,9,15.25%,0,59,0,0.00%,100.00%,0,14,14,46,30.43%
142932,873,7006,State-funded special school,113,35,78,30.97%,69.03%,113,100.00%,0,0.00%,1,112,0,0.90%,99.10%,0,80,81,113,71.68%
143111,873,7007,State-funded special school,123,34,89,27.64%,72.36%,123,100.00%,0,0.00%,14,109,0,11.40%,88.60%,0,60,58,109,53.21%
143404,873,4012,State-funded secondary,1649,804,845,48.76%,51.24%,65,3.94%,102,6.19%,65,1509,75,3.90%,91.50%,0.045,256,222,1390,15.97%
143440,873,3000,State-funded primary,99,47,52,47.47%,52.53%,5,5.05%,10,10.10%,20,77,2,20.20%,77.80%,0.02,5,6,99,6.06%
143575,873,2220,State-funded primary,272,137,135,50.37%,49.63%,21,7.72%,47,17.28%,23,246,3,8.50%,90.40%,0.011,66,66,272,24.26%
143576,873,2204,State-funded primary,233,119,114,51.07%,48.93%,7,3.00%,48,20.60%,17,216,0,7.30%,92.70%,0,47,47,233,20.17%
143775,873,2216,State-funded primary,231,95,136,41.13%,58.87%,7,3.03%,36,15.58%,17,214,0,7.40%,92.60%,0,70,70,231,30.30%
143776,873,3026,State-funded primary,282,144,138,51.06%,48.94%,12,4.26%,25,8.87%,72,198,12,25.50%,70.20%,0.043,41,43,282,15.25%
143777,873,2218,State-funded primary,281,134,147,47.69%,52.31%,13,4.63%,55,19.57%,25,256,0,8.90%,91.10%,0,125,127,281,45.20%
143835,873,3046,State-funded primary,228,116,112,50.88%,49.12%,8,3.51%,30,13.16%,12,216,0,5.30%,94.70%,0,61,63,201,31.34%
143836,873,2044,State-funded primary,401,200,201,49.88%,50.12%,23,5.74%,89,22.19%,209,192,0,52.10%,47.90%,0,189,192,356,53.93%
143849,873,2045,State-funded primary,215,109,106,50.70%,49.30%,16,7.44%,25,11.63%,35,180,0,16.30%,83.70%,0,68,68,215,31.63%
143870,873,2252,State-funded primary,162,95,67,58.64%,41.36%,5,3.09%,14,8.64%,40,122,0,24.70%,75.30%,0,30,30,138,21.74%
143871,873,2206,State-funded primary,405,182,223,44.94%,55.06%,14,3.46%,74,18.27%,58,346,1,14.30%,85.40%,0.002,117,118,405,29.14%
143941,873,2049,State-funded primary,367,185,182,50.41%,49.59%,18,4.90%,66,17.98%,62,305,0,16.90%,83.10%,0,110,111,359,30.92%
143955,873,2050,State-funded primary,132,59,73,44.70%,55.30%,8,6.06%,42,31.82%,5,127,0,3.80%,96.20%,0,42,42,114,36.84%
143976,873,2448,State-funded primary,405,191,214,47.16%,52.84%,14,3.46%,54,13.33%,55,350,0,13.60%,86.40%,0,107,108,405,26.67%
144054,873,2057,State-funded primary,208,107,101,51.44%,48.56%,9,4.33%,16,7.69%,37,171,0,17.80%,82.20%,0,22,22,208,10.58%
144055,873,7021,State-funded special school,181,58,123,32.04%,67.96%,181,100.00%,0,0.00%,15,166,0,8.30%,91.70%,0,102,79,142,55.63%
144288,873,3056,State-funded primary,107,52,55,48.60%,51.40%,1,0.93%,13,12.15%,9,98,0,8.40%,91.60%,0,31,31,87,35.63%
144289,873,3072,State-funded primary,322,151,171,46.89%,53.11%,13,4.04%,31,9.63%,139,166,17,43.20%,51.60%,0.053,101,101,322,31.37%
144537,873,5205,State-funded primary,430,193,237,44.88%,55.12%,13,3.02%,70,16.28%,103,327,0,24.00%,76.00%,0,64,64,398,16.08%
144770,873,2051,State-funded primary,417,209,208,50.12%,49.88%,21,5.04%,57,13.67%,233,154,30,55.90%,36.90%,0.072,128,129,417,30.94%
144947,873,2052,State-funded primary,149,70,79,46.98%,53.02%,2,1.34%,29,19.46%,10,139,0,6.70%,93.30%,0,19,20,149,13.42%
145034,873,4010,State-funded secondary,571,266,305,46.58%,53.42%,16,2.80%,97,16.99%,203,367,1,35.60%,64.30%,0.002,202,222,571,38.88%
145147,873,2053,State-funded primary,106,60,46,56.60%,43.40%,4,3.77%,22,20.75%,2,104,0,1.90%,98.10%,0,34,34,106,32.08%
145246,873,3326,State-funded primary,99,50,49,50.51%,49.49%,3,3.03%,12,12.12%,2,97,0,2.00%,98.00%,0,13,13,99,13.13%
145302,873,2055,State-funded primary,86,48,38,55.81%,44.19%,5,5.81%,6,6.98%,14,72,0,16.30%,83.70%,0,29,29,86,33.72%
145401,873,2061,State-funded primary,106,50,56,47.17%,52.83%,3,2.83%,18,16.98%,8,98,0,7.50%,92.50%,0,20,20,106,18.87%
145423,873,2009,State-funded primary,136,67,69,49.26%,50.74%,8,5.88%,24,17.65%,18,118,0,13.20%,86.80%,0,43,43,136,31.62%
145424,873,2041,State-funded primary,210,106,104,50.48%,49.52%,3,1.43%,37,17.62%,34,174,2,16.20%,82.90%,0.01,28,28,188,14.89%
145425,873,2200,State-funded primary,273,128,145,46.89%,53.11%,8,2.93%,33,12.09%,41,232,0,15.00%,85.00%,0,52,54,253,21.34%
145553,873,2067,State-funded primary,100,46,54,46.00%,54.00%,5,5.00%,22,22.00%,2,98,0,2.00%,98.00%,0,26,27,100,27.00%
145719,873,2071,State-funded primary,176,75,101,42.61%,57.39%,3,1.70%,35,19.89%,7,169,0,4.00%,96.00%,0,38,38,160,23.75%
145801,873,2058,State-funded primary,252,121,131,48.02%,51.98%,12,4.76%,36,14.29%,85,162,5,33.70%,64.30%,0.02,33,34,252,13.49%
145804,873,3387,State-funded primary,400,203,197,50.75%,49.25%,13,3.25%,42,10.50%,33,357,10,8.30%,89.30%,0.025,43,45,400,11.25%
145924,873,2073,State-funded primary,300,151,149,50.33%,49.67%,16,5.33%,47,15.67%,82,218,0,27.30%,72.70%,0,61,67,233,28.76%
146050,873,2226,State-funded primary,200,97,103,48.50%,51.50%,11,5.50%,25,12.50%,8,192,0,4.00%,96.00%,0,44,44,200,22.00%
146301,873,6056,Independent school,53,24,29,45.28%,54.72%,0,0.00%,15,28.30%,,,,,,,,NA,NA,0.00%
146310,873,2078,State-funded primary,227,117,110,51.54%,48.46%,14,6.17%,53,23.35%,61,166,0,26.90%,73.10%,0,105,107,200,53.50%
146357,873,2081,State-funded primary,95,50,45,52.63%,47.37%,3,3.16%,20,21.05%,3,91,1,3.20%,95.80%,0.011,18,19,94,20.21%
146369,873,4014,State-funded secondary,743,368,375,49.53%,50.47%,25,3.36%,108,14.54%,59,672,12,7.90%,90.40%,0.016,236,244,743,32.84%
146407,873,2079,State-funded primary,747,385,362,51.54%,48.46%,12,1.61%,177,23.69%,41,706,0,5.50%,94.50%,0,277,279,747,37.35%
146469,873,3037,State-funded primary,90,48,42,53.33%,46.67%,4,4.44%,26,28.89%,7,83,0,7.80%,92.20%,0,15,15,84,17.86%
146515,873,2085,State-funded primary,248,113,135,45.56%,54.44%,23,9.27%,59,23.79%,56,191,1,22.60%,77.00%,0.004,117,117,248,47.18%
146889,873,3070,State-funded primary,116,50,66,43.10%,56.90%,3,2.59%,22,18.97%,6,107,3,5.20%,92.20%,0.026,18,18,116,15.52%
146929,873,2256,State-funded primary,318,168,150,52.83%,47.17%,10,3.14%,40,12.58%,9,309,0,2.80%,97.20%,0,78,79,318,24.84%
146965,873,2086,State-funded primary,94,54,40,57.45%,42.55%,3,3.19%,16,17.02%,26,67,1,27.70%,71.30%,0.011,32,33,94,35.11%
146968,873,2089,State-funded primary,303,143,160,47.19%,52.81%,18,5.94%,52,17.16%,21,277,5,6.90%,91.40%,0.017,52,54,303,17.82%
147110,873,2096,State-funded primary,110,49,61,44.55%,55.45%,1,0.91%,26,23.64%,10,100,0,9.10%,90.90%,0,29,30,109,27.52%
147384,873,3366,State-funded primary,216,119,97,55.09%,44.91%,17,7.87%,29,13.43%,82,134,0,38.00%,62.00%,0,80,80,216,37.04%
147434,873,3302,State-funded primary,462,221,241,47.84%,52.16%,9,1.95%,67,14.50%,114,325,23,24.70%,70.30%,0.05,73,89,411,21.65%
147441,873,2098,State-funded primary,88,45,43,51.14%,48.86%,6,6.82%,16,18.18%,10,78,0,11.40%,88.60%,0,17,17,88,19.32%
147661,873,7008,State-funded special school,136,34,102,25.00%,75.00%,136,100.00%,0,0.00%,21,103,12,15.40%,75.70%,0.088,57,58,133,43.61%
148105,873,2015,State-funded primary,185,90,95,48.65%,51.35%,11,5.95%,23,12.43%,43,142,0,23.20%,76.80%,0,20,21,185,11.35%
148128,873,4028,State-funded secondary,772,388,384,50.26%,49.74%,31,4.02%,80,10.36%,105,665,2,13.60%,86.10%,0.003,150,151,725,20.83%
148236,873,7011,State-funded special school,95,0,95,0.00%,100.00%,95,100.00%,0,0.00%,1,94,0,1.10%,98.90%,0,69,71,95,74.74%
148454,873,2202,State-funded primary,196,94,102,47.96%,52.04%,5,2.55%,41,20.92%,51,145,0,26.00%,74.00%,0,62,62,196,31.63%
148578,873,7012,State-funded special school,116,24,92,20.69%,79.31%,116,100.00%,0,0.00%,4,112,0,3.40%,96.60%,0,35,35,116,30.17%
148733,873,6057,Independent school,22,22,0,100.00%,0.00%,22,100.00%,0,0.00%,,,,,,,,NA,NA,0.00%
148983,873,2222,State-funded primary,95,47,48,49.47%,50.53%,7,7.37%,15,15.79%,2,93,0,2.10%,97.90%,0,15,15,95,15.79%
149027,873,6058,Independent school,98,46,52,46.94%,53.06%,0,0.00%,2,2.04%,,,,,,,,NA,NA,0.00%
149098,873,2099,State-funded primary,150,70,80,46.67%,53.33%,3,2.00%,15,10.00%,53,94,3,35.30%,62.70%,0.02,14,15,116,12.93%
149186,873,6060,Independent school,48,22,26,45.83%,54.17%,48,100.00%,0,0.00%,,,,,,,,NA,NA,0.00%
149560,873,6061,Independent school,28,7,21,25.00%,75.00%,28,100.00%,0,0.00%,,,,,,,,NA,NA,0.00%
149596,873,4015,State-funded secondary,80,28,52,35.00%,65.00%,1,1.25%,10,12.50%,13,67,0,16.30%,83.80%,0,6,NA,NA,0.00%
149845,873,6062,Independent school,29,6,23,20.69%,79.31%,28,96.55%,0,0.00%,,,,,,,,NA,NA,0.00%
149958,873,3053,State-funded primary,88,50,38,56.82%,43.18%,8,9.09%,9,10.23%,9,79,0,10.20%,89.80%,0,12,12,88,13.64%
150022,873,2100,State-funded primary,86,40,46,46.51%,53.49%,1,1.16%,12,13.95%,7,79,0,8.10%,91.90%,0,14,13,79,16.46%
150263,873,4016,State-funded secondary,532,251,281,47.18%,52.82%,24,4.51%,86,16.17%,69,463,0,13.00%,87.00%,0,148,156,532,29.32%
150374,873,2101,State-funded primary,345,172,173,49.86%,50.14%,10,2.90%,69,20.00%,50,295,0,14.50%,85.50%,0,127,130,302,43.05%
150571,873,3360,State-funded primary,211,97,114,45.97%,54.03%,2,0.95%,20,9.48%,134,77,0,63.50%,36.50%,0,9,10,211,4.74%
150756,873,2102,State-funded primary,54,25,29,46.30%,53.70%,3,5.56%,5,9.26%,2,52,0,3.70%,96.30%,0,8,8,54,14.81%
150783,873,4017,State-funded secondary,102,55,47,53.92%,46.08%,1,0.98%,12,11.76%,35,67,0,34.30%,65.70%,0,41,41,102,40.20%
150791,873,7013,State-funded special school,65,30,35,46.15%,53.85%,65,100.00%,0,0.00%,0,65,0,0.00%,100.00%,0,22,22,64,34.38%
151048,873,2018,State-funded primary,117,46,71,39.32%,60.68%,4,3.42%,19,16.24%,23,91,3,19.70%,77.80%,0.026,16,16,117,13.68%
LA,State-funded primary,PRI,873,51539,25423,26116,49.33%,50.67%,1948,3.78%,7566,14.68%,9781,41364,394,18.98%,80.26%,0.76%,11058,11222,49889,22.49%
LA,State-funded secondary,SEC,873,38111,18740,19371,49.17%,50.83%,1633,4.28%,4243,11.13%,5423,32422,266,14.23%,85.07%,0.70%,8311,8170,34803,23.47%
LA,Special school,SPE,873,1855,519,1336,27.98%,72.02%,1855,100.00%,0,0.00%,179,1662,14,9.65%,89.60%,0.75%,918,854,1664,51.32%
NAT,,PRI,State-funded primary,4554974,2238181,2316793,49.1%,51%,157716,3.5%,671977,15%,1065551,3474334,15089,23.4%,76.3%,0.3%,1126353,1126825,4284933,26.3%
NAT,,SEC,State-funded secondary,3671427,1825267,1846160,49.7%,50.3%,113452,3.09%,493210,13.4%,703666,2946050,21711,19.2%,80.2%,0.6%,948951,934389,3233095,28.9%
NAT,,SPE,Special school,168890,47155,121735,27.9%,72%,168077,99.5%,769,0.5%,24309,144049,532,14.4%,85.3%,0.3%,82385,76981,148300,51.9%