URN,SCHNAME,SCHOOLTYPE,PCON_NAME,NOR,TSENELSE,TSENELK_x,NUMFSM,PNUMFSMEVER,PTRWM_EXP,PTRWM_HIGH,READ_AVERAGE,MAT_AVERAGE
110602,Bassingbourn Primary School,State-funded primary,South Cambridgeshire,365,9,59,74.0,20.27,52.0,7.0,104.0,103.0
110603,Caldecote Primary School,State-funded primary,St Neots and Mid Cambridgeshire,195,1,23,28.0,15.38,61.0,6.0,109.0,107.0
110604,Cottenham Primary School,State-funded primary,Ely and East Cambridgeshire,480,19,57,92.0,19.58,61.0,8.0,107.0,105.0
110606,Fen Drayton Primary School,State-funded primary,St Neots and Mid Cambridgeshire,105,8,12,14.0,13.33,58.0,11.0,107.0,105.0
110607,Fowlmere Primary School,State-funded primary,South Cambridgeshire,77,0,20,8.0,10.39,25.0,0.0,103.0,100.0
110608,Foxton Primary School,State-funded primary,South Cambridgeshire,76,6,16,19.0,25.0,67.0,33.0,108.0,107.0
110611,Great Abington Primary School,State-funded primary,South Cambridgeshire,130,4,25,27.0,20.77,45.0,10.0,102.0,104.0
110614,Melbourn Primary School,State-funded primary,South Cambridgeshire,376,19,62,83.0,22.07,62.0,3.0,106.0,104.0
110615,Meldreth Primary School,State-funded primary,South Cambridgeshire,191,6,36,34.0,18.32,79.0,17.0,109.0,108.0
110616,Over Primary School,State-funded primary,St Neots and Mid Cambridgeshire,208,2,22,35.0,16.83,21.0,0.0,103.0,102.0
110617,Pendragon Community Primary School,State-funded primary,St Neots and Mid Cambridgeshire,315,12,33,46.0,14.92,55.0,6.0,105.0,104.0
110620,Swavesey Primary School,State-funded primary,St Neots and Mid Cambridgeshire,306,7,41,21.0,6.86,73.0,8.0,107.0,105.0
110621,Waterbeach Community Primary School,State-funded primary,Ely and East Cambridgeshire,527,12,61,109.0,21.25,57.0,6.0,105.0,102.0
110622,Willingham Primary School,State-funded primary,St Neots and Mid Cambridgeshire,341,11,50,86.0,25.51,51.0,3.0,105.0,104.0
110626,Meridian Primary School,State-funded primary,South Cambridgeshire,190,3,24,20.0,10.53,58.0,6.0,106.0,105.0
110627,Benwick Primary School,State-funded primary,North East Cambridgeshire,98,5,27,28.0,28.57,64.0,7.0,104.0,102.0
110630,Townley Primary School,State-funded primary,North East Cambridgeshire,104,15,21,26.0,30.23,38.0,6.0,103.0,99.0
110631,Coates Primary School,State-funded primary,North East Cambridgeshire,203,10,32,42.0,21.18,47.0,7.0,103.0,104.0
110632,Lionel Walden Primary School,State-funded primary,North East Cambridgeshire,209,2,22,30.0,14.35,69.0,6.0,105.0,105.0
110633,Friday Bridge Community Primary School,State-funded primary,North East Cambridgeshire,101,4,29,43.0,43.56,29.0,6.0,97.0,98.0
110635,Robert Arkenstall Primary School,State-funded primary,Ely and East Cambridgeshire,286,5,30,48.0,18.53,53.0,6.0,107.0,103.0
110637,Littleport Community Primary School,State-funded primary,Ely and East Cambridgeshire,398,9,69,101.0,25.63,64.0,0.0,107.0,103.0
110638,Manea Community Primary School,State-funded primary,North East Cambridgeshire,211,16,35,70.0,34.12,61.0,3.0,106.0,103.0
110643,Beaupre Community Primary School,State-funded primary,South West Norfolk,153,9,28,58.0,38.56,46.0,4.0,103.0,102.0
110644,Alderman Payne Primary School,State-funded primary,North East Cambridgeshire,108,7,22,31.0,29.63,75.0,13.0,108.0,106.0
110645,Stretham Community Primary School,State-funded primary,Ely and East Cambridgeshire,180,3,25,43.0,23.89,63.0,0.0,105.0,103.0
110657,Morley Memorial Primary School,State-funded primary,South Cambridgeshire,381,10,50,65.0,17.59,53.0,11.0,107.0,103.0
110658,Newnham Croft Primary School,State-funded primary,Cambridge,222,3,19,16.0,7.21,81.0,19.0,111.0,108.0
110663,Shirley Community Primary School,State-funded primary,Cambridge,344,23,78,148.0,43.6,43.0,8.0,104.0,102.0
110664,Arbury Primary School,State-funded primary,Cambridge,381,10,63,161.0,42.52,66.0,3.0,108.0,107.0
110665,Colville Primary School,State-funded primary,South Cambridgeshire,228,22,40,55.0,26.07,62.0,14.0,103.0,104.0
110666,Mayfield Primary School,State-funded primary,Cambridge,400,34,37,69.0,17.25,58.0,22.0,109.0,108.0
110668,The Grove Primary School,State-funded primary,Cambridge,249,13,26,105.0,49.76,56.0,5.0,104.0,102.0
110673,Hauxton Primary School,State-funded primary,South Cambridgeshire,75,4,12,15.0,21.33,69.0,15.0,111.0,109.0
110676,Fenstanton and Hilton Primary School,State-funded primary,St Neots and Mid Cambridgeshire,224,3,41,34.0,17.8,35.0,0.0,105.0,104.0
110679,Hemingford Grey Primary School,State-funded primary,Huntingdon,263,3,28,25.0,9.89,66.0,6.0,106.0,107.0
110680,Houghton Primary School,State-funded primary,Huntingdon,181,6,32,14.0,7.73,72.0,3.0,108.0,107.0
110685,The Ashbeach Primary School,State-funded primary,North West Cambridgeshire,134,11,22,39.0,30.6,63.0,0.0,104.0,102.0
110698,Westfield Junior School,State-funded primary,Huntingdon,234,13,28,55.0,23.93,48.0,5.0,104.0,102.0
110702,Priory Junior School,State-funded primary,St Neots and Mid Cambridgeshire,299,14,38,83.0,28.09,45.0,2.0,102.0,102.0
110703,Wyton on the Hill Community Primary School,State-funded primary,Huntingdon,130,3,29,24.0,19.23,39.0,6.0,104.0,105.0
110717,The Newton Community Primary School,State-funded primary,St Neots and Mid Cambridgeshire,52,4,16,14.0,26.92,33.0,11.0,100.0,104.0
110733,Little Paxton Primary School,State-funded primary,St Neots and Mid Cambridgeshire,293,15,42,47.0,16.04,28.0,0.0,105.0,103.0
110746,Bewick Bridge Community Primary School,State-funded primary,South Cambridgeshire,218,8,14,29.0,15.26,90.0,19.0,110.0,110.0
110748,Hardwick and Cambourne Community Primary School,State-funded primary,South Cambridgeshire,570,18,82,112.0,20.92,56.0,4.0,106.0,103.0
110750,St Matthew's Primary School,State-funded primary,Cambridge,646,18,86,95.0,15.09,76.0,14.0,110.0,108.0
110754,Fourfields Community Primary School,State-funded primary,North West Cambridgeshire,449,27,62,92.0,20.49,65.0,8.0,106.0,107.0
110758,Burwell Village College (Primary),State-funded primary,Ely and East Cambridgeshire,377,6,45,77.0,20.95,66.0,9.0,105.0,106.0
110759,Fulbourn Primary School,State-funded primary,South Cambridgeshire,264,9,48,41.0,15.53,76.0,18.0,106.0,108.0
110762,Kinderley Primary School,State-funded primary,North East Cambridgeshire,82,7,20,39.0,55.71,27.0,0.0,105.0,106.0
110763,Queen Edith Primary School,State-funded primary,South Cambridgeshire,403,11,43,69.0,18.67,57.0,9.0,108.0,106.0
110765,The Spinney Primary School,State-funded primary,South Cambridgeshire,187,9,24,13.0,8.02,69.0,31.0,110.0,108.0
110766,Fawcett Primary School,State-funded primary,Cambridge,398,9,86,107.0,30.49,62.0,6.0,106.0,105.0
110771,Kettlefields Primary School,State-funded primary,Ely and East Cambridgeshire,131,4,11,18.0,13.74,61.0,6.0,105.0,102.0
110772,Stukeley Meadows Primary School,State-funded primary,Huntingdon,386,13,36,49.0,12.95,38.0,2.0,104.0,102.0
110773,Ely St John's Community Primary School,State-funded primary,Ely and East Cambridgeshire,365,13,26,39.0,10.96,68.0,13.0,106.0,103.0
110775,Kings Hedges Primary School,State-funded primary,Cambridge,394,10,49,149.0,38.58,79.0,13.0,107.0,108.0
110781,Barrington CofE VC Primary School,State-funded primary,South Cambridgeshire,165,8,18,24.0,14.55,40.0,7.0,106.0,101.0
110784,Castle Camps Church of England (Controlled) Primary School,State-funded primary,South Cambridgeshire,123,1,18,23.0,22.03,63.0,0.0,107.0,105.0
110785,Cheveley CofE Primary School,State-funded primary,Ely and East Cambridgeshire,142,3,17,24.0,16.9,74.0,0.0,107.0,104.0
110786,Coton Church of England (Voluntary Controlled) Primary School,State-funded primary,South Cambridgeshire,107,5,12,17.0,15.89,43.0,14.0,107.0,108.0
110787,Dry Drayton CofE (C) Primary School,State-funded primary,St Neots and Mid Cambridgeshire,69,0,12,13.0,18.84,70.0,10.0,112.0,107.0
110788,Fordham CofE Primary School,State-funded primary,Ely and East Cambridgeshire,414,13,70,47.0,11.59,62.0,0.0,107.0,105.0
110791,Isleham Church of England Primary School,State-funded primary,Ely and East Cambridgeshire,210,3,39,23.0,10.95,53.0,10.0,107.0,106.0
110793,Steeple Morden CofE VC Primary School,State-funded primary,South Cambridgeshire,148,4,39,20.0,13.51,56.0,0.0,103.0,101.0
110795,William Westley Church of England VC Primary School,State-funded primary,South Cambridgeshire,185,7,31,27.0,15.68,71.0,23.0,109.0,107.0
110796,Haslingfield Endowed Primary School,State-funded primary,South Cambridgeshire,140,3,32,15.0,10.71,48.0,0.0,110.0,105.0
110798,Duxford Church of England Community Primary School,State-funded primary,South Cambridgeshire,158,4,25,23.0,14.56,58.0,0.0,106.0,103.0
110801,Cherry Hinton Church of England Voluntary Controlled Primary School,State-funded primary,South Cambridgeshire,183,7,27,40.0,26.32,52.0,5.0,104.0,104.0
110802,Sutton CofE VC Primary School,State-funded primary,Ely and East Cambridgeshire,269,15,49,59.0,22.3,54.0,5.0,103.0,103.0
110804,Wilburton CofE Primary School,State-funded primary,Ely and East Cambridgeshire,108,6,21,27.0,26.47,50.0,0.0,102.0,103.0
110807,The Rackham Church of England Primary School and Pre-School,State-funded primary,Ely and East Cambridgeshire,323,18,52,83.0,26.93,38.0,0.0,102.0,99.0
110809,Alconbury CofE Primary School,State-funded primary,Huntingdon,206,15,32,27.0,13.59,68.0,4.0,104.0,105.0
110812,Folksworth CofE Primary School,State-funded primary,North West Cambridgeshire,95,3,26,14.0,14.74,70.0,15.0,106.0,104.0
110814,Barnabas Oley CofE Primary School,State-funded primary,St Neots and Mid Cambridgeshire,143,1,25,11.0,7.69,77.0,9.0,111.0,106.0
110815,Great Paxton CofE Primary School,State-funded primary,St Neots and Mid Cambridgeshire,88,2,12,12.0,13.64,65.0,6.0,105.0,107.0
110817,Holywell CofE Primary School,State-funded primary,Huntingdon,199,8,31,21.0,12.06,63.0,4.0,106.0,104.0
110820,Eynesbury CofE C Primary School,State-funded primary,St Neots and Mid Cambridgeshire,221,9,17,37.0,19.19,48.0,4.0,107.0,104.0
110827,Brington CofE Primary School,State-funded primary,Huntingdon,90,5,10,12.0,13.33,67.0,0.0,104.0,103.0
110829,Barton CofE VA Primary School,State-funded primary,South Cambridgeshire,121,3,9,8.0,6.61,59.0,14.0,110.0,105.0
110830,Elsworth CofE VA Primary School,State-funded primary,St Neots and Mid Cambridgeshire,130,3,17,10.0,7.69,77.0,14.0,108.0,107.0
110831,Great and Little Shelford CofE (Aided) Primary School,State-funded primary,South Cambridgeshire,206,5,27,17.0,8.25,72.0,14.0,108.0,104.0
110834,Teversham CofE VA Primary School,State-funded primary,South Cambridgeshire,173,10,30,69.0,39.88,73.0,17.0,107.0,105.0
110836,Petersfield CofE Aided Primary School,State-funded primary,South Cambridgeshire,134,1,14,24.0,17.91,43.0,4.0,104.0,101.0
110837,Park Street CofE Primary School,State-funded primary,Cambridge,116,4,19,15.0,12.93,72.0,17.0,111.0,109.0
110839,St Pauls CofE VA Primary School,State-funded primary,Cambridge,152,4,21,30.0,19.74,38.0,3.0,106.0,103.0
110840,St Philip's CofE Aided Primary School,State-funded primary,Cambridge,227,5,33,71.0,31.72,26.0,0.0,107.0,105.0
110847,The Elton CofE Primary School of the Foundation of Frances and Jane Proby,State-funded primary,North West Cambridgeshire,135,3,12,9.0,6.67,81.0,5.0,110.0,110.0
110850,Abbots Ripton CofE Primary School,State-funded primary,Huntingdon,99,1,8,8.0,8.08,94.0,31.0,112.0,113.0
110888,St Helen's Primary School,State-funded primary,Huntingdon,188,1,26,22.0,12.23,55.0,3.0,104.0,101.0
131197,Wheatfields Primary School,State-funded primary,Huntingdon,298,4,21,48.0,16.11,57.0,0.0,105.0,103.0
131238,St Anne's CofE Primary School,State-funded primary,Huntingdon,201,6,17,39.0,19.9,70.0,3.0,109.0,106.0
131996,Monkfield Park Primary School,State-funded primary,St Neots and Mid Cambridgeshire,407,6,61,74.0,18.43,68.0,6.0,107.0,107.0
132031,Bushmead Primary School,State-funded primary,St Neots and Mid Cambridgeshire,380,7,63,98.0,26.58,63.0,2.0,105.0,104.0
133311,Ridgefield Primary School,State-funded primary,Cambridge,226,13,17,48.0,23.3,80.0,23.0,107.0,109.0
133930,Milton Road Primary School,State-funded primary,Cambridge,411,11,41,58.0,14.36,74.0,16.0,112.0,110.0
134894,The Vine Inter-Church Primary School,State-funded primary,St Neots and Mid Cambridgeshire,374,11,48,61.0,16.31,56.0,8.0,105.0,105.0
134979,Orchard Park Community Primary School,State-funded primary,St Neots and Mid Cambridgeshire,192,12,29,70.0,39.64,41.0,9.0,104.0,101.0
135131,Brampton Village Primary School,State-funded primary,Huntingdon,610,20,63,139.0,22.95,53.0,2.0,105.0,102.0
135132,The Bellbird Primary School,State-funded primary,South Cambridgeshire,410,11,45,66.0,16.1,70.0,2.0,109.0,106.0
135568,Huntingdon Primary School,State-funded primary,Huntingdon,444,24,39,153.0,34.46,64.0,8.0,107.0,105.0
136241,Queen Emma Primary School,State-funded primary,South Cambridgeshire,405,15,37,85.0,24.15,71.0,13.0,109.0,108.0
136339,Crosshall Junior School,State-funded primary,St Neots and Mid Cambridgeshire,371,9,78,60.0,16.71,75.0,13.0,107.0,106.0
136653,Alderman Jacobs School,State-funded primary,North East Cambridgeshire,658,17,115,157.0,25.61,66.0,4.0,103.0,103.0
136670,Leverington Primary Academy,State-funded primary,North East Cambridgeshire,199,5,25,71.0,35.68,63.0,7.0,106.0,105.0
136802,Trumpington Meadows Primary School,State-funded primary,South Cambridgeshire,250,8,55,108.0,46.58,63.0,4.0,105.0,105.0
136814,Thorndown Primary School,State-funded primary,Huntingdon,493,13,24,83.0,17.44,61.0,5.0,108.0,107.0
137626,Bourn CofE Primary Academy,State-funded primary,St Neots and Mid Cambridgeshire,200,6,23,24.0,12.0,63.0,9.0,108.0,108.0
137639,Buckden CofE Primary School,State-funded primary,Huntingdon,328,17,57,38.0,12.2,56.0,4.0,103.0,102.0
138029,Godmanchester Community Academy,State-funded primary,Huntingdon,414,18,27,70.0,16.91,68.0,12.0,106.0,105.0
138280,Winhills Primary Academy,State-funded primary,St Neots and Mid Cambridgeshire,248,8,65,89.0,45.15,59.0,7.0,105.0,103.0
138595,Middlefield Primary Academy,State-funded primary,St Neots and Mid Cambridgeshire,215,4,35,27.0,12.56,61.0,3.0,106.0,102.0
138993,Hatton Park Primary School,State-funded primary,St Neots and Mid Cambridgeshire,415,12,56,43.0,10.6,68.0,15.0,107.0,107.0
139086,Histon and Impington Park Primary School,State-funded primary,St Neots and Mid Cambridgeshire,403,13,47,61.0,15.14,85.0,8.0,110.0,109.0
139087,Histon and Impington Brook Primary School,State-funded primary,St Neots and Mid Cambridgeshire,376,10,31,36.0,9.57,90.0,24.0,111.0,111.0
139088,Kennett Primary School,State-funded primary,Ely and East Cambridgeshire,115,3,20,9.0,8.82,55.0,18.0,113.0,110.0
139466,Peckover Primary School,State-funded primary,North East Cambridgeshire,443,19,109,117.0,29.6,45.0,2.0,105.0,103.0
139537,All Saints Interchurch Academy,State-funded primary,North East Cambridgeshire,192,9,26,62.0,32.29,17.0,3.0,101.0,101.0
139555,The Shade Primary School,State-funded primary,Ely and East Cambridgeshire,267,19,49,37.0,17.29,55.0,13.0,107.0,107.0
139556,Chesterton Primary School,State-funded primary,Cambridge,167,6,23,55.0,32.93,42.0,4.0,103.0,102.0
139634,The Round House Primary Academy,State-funded primary,St Neots and Mid Cambridgeshire,409,10,90,87.0,24.03,60.0,9.0,105.0,104.0
139844,Bury CofE Primary School,State-funded primary,North West Cambridgeshire,204,7,31,32.0,15.69,81.0,0.0,109.0,106.0
140173,Ramnoth Junior School,State-funded primary,North East Cambridgeshire,350,15,71,163.0,46.57,57.0,2.0,103.0,101.0
140386,Kimbolton Primary Academy,State-funded primary,Huntingdon,83,0,14,13.0,20.31,83.0,17.0,111.0,107.0
140483,Isle of Ely Primary School,State-funded primary,Ely and East Cambridgeshire,446,17,34,38.0,9.57,71.0,13.0,109.0,108.0
140499,Park Lane Primary & Nursery School,State-funded primary,North East Cambridgeshire,453,18,46,64.0,16.05,57.0,2.0,103.0,102.0
140535,Great Staughton Primary Academy,State-funded primary,Huntingdon,82,2,10,11.0,15.71,67.0,11.0,107.0,106.0
140538,New Road Primary & Nursery School,State-funded primary,North East Cambridgeshire,261,14,37,78.0,36.99,31.0,6.0,100.0,99.0
140622,Meadow Primary School,State-funded primary,South Cambridgeshire,207,4,28,23.0,11.59,65.0,13.0,106.0,105.0
140888,Kingsfield Primary School,State-funded primary,North East Cambridgeshire,308,23,40,101.0,34.58,45.0,2.0,101.0,101.0
141211,William de Yaxley Church of England Academy,State-funded primary,North West Cambridgeshire,205,12,46,54.0,26.34,40.0,0.0,101.0,100.0
141212,Mepal and Witcham Church of England Primary School,State-funded primary,Ely and East Cambridgeshire,117,3,10,13.0,13.68,100.0,20.0,109.0,107.0
141213,St Peter's CofE Aided Junior School,State-funded primary,North East Cambridgeshire,231,11,42,101.0,44.59,54.0,0.0,103.0,103.0
141297,Cromwell Academy,State-funded primary,Huntingdon,233,7,36,48.0,23.53,63.0,6.0,105.0,102.0
141500,University of Cambridge Primary School,State-funded primary,Cambridge,671,30,64,55.0,9.11,71.0,12.0,107.0,109.0
141552,St Andrew's CofE Primary School,State-funded primary,Ely and East Cambridgeshire,460,23,113,70.0,16.31,75.0,2.0,107.0,107.0
141690,Godmanchester Bridge Academy,State-funded primary,Huntingdon,260,20,39,78.0,30.0,57.0,7.0,108.0,105.0
141707,Ely St Mary's CofE Junior School,State-funded primary,Ely and East Cambridgeshire,240,19,28,84.0,35.0,61.0,10.0,104.0,104.0
141949,Ermine Street Church Academy,State-funded primary,Huntingdon,322,8,33,34.0,11.8,84.0,11.0,109.0,109.0
142034,St Mary's Church of England Primary School St Neots,State-funded primary,St Neots and Mid Cambridgeshire,70,1,10,26.0,43.55,,,,
142424,Elm Road Primary School,State-funded primary,North East Cambridgeshire,206,6,20,66.0,33.5,55.0,3.0,102.0,104.0
142498,Millfield Primary School,State-funded primary,Ely and East Cambridgeshire,379,12,88,82.0,21.9,66.0,0.0,105.0,104.0
142638,Gamlingay Village Primary,State-funded primary,South Cambridgeshire,395,22,66,56.0,15.49,45.0,0.0,103.0,101.0
142810,Wisbech St Mary CofE Academy,State-funded primary,North East Cambridgeshire,207,7,32,79.0,45.14,79.0,24.0,111.0,108.0
142811,Guilden Morden CofE Primary Academy,State-funded primary,South Cambridgeshire,59,3,9,14.0,30.43,,,,
143440,Babraham CofE (VC) Primary School,State-funded primary,South Cambridgeshire,99,5,10,5.0,6.06,81.0,6.0,108.0,109.0
143575,Sawtry Junior Academy,State-funded primary,Huntingdon,272,21,47,66.0,24.26,50.0,2.0,102.0,101.0
143576,Linton Heights Junior School,State-funded primary,South Cambridgeshire,233,7,48,47.0,20.17,71.0,9.0,106.0,105.0
143776,Milton Church of England Primary School,State-funded primary,Ely and East Cambridgeshire,282,12,25,41.0,15.25,69.0,15.0,108.0,107.0
143777,Ramsey Junior School,State-funded primary,North West Cambridgeshire,281,13,55,125.0,45.2,53.0,4.0,103.0,101.0
143835,Elm CofE Primary School,State-funded primary,North East Cambridgeshire,228,8,30,61.0,31.34,61.0,3.0,103.0,105.0
143836,Orchards Church of England Academy,State-funded primary,North East Cambridgeshire,401,23,89,189.0,53.93,49.0,0.0,101.0,102.0
143849,Hartford Junior School,State-funded primary,Huntingdon,215,16,25,68.0,31.63,48.0,8.0,104.0,104.0
143871,Cavalry Primary School,State-funded primary,North East Cambridgeshire,405,14,74,117.0,29.14,54.0,0.0,102.0,102.0
143941,The Weatheralls Primary School,State-funded primary,Ely and East Cambridgeshire,367,18,66,110.0,30.92,44.0,0.0,103.0,102.0
143955,Thomas Eaton Primary Academy,State-funded primary,North East Cambridgeshire,132,8,42,42.0,36.84,27.0,0.0,106.0,99.0
143976,Glebelands Primary Academy,State-funded primary,North East Cambridgeshire,405,14,54,107.0,26.67,59.0,12.0,106.0,105.0
144054,Ditton Lodge Primary School,State-funded primary,Ely and East Cambridgeshire,208,9,16,22.0,10.58,96.0,18.0,107.0,108.0
144288,Guyhirn CofE VC Primary School,State-funded primary,North East Cambridgeshire,107,1,13,31.0,35.63,67.0,0.0,109.0,107.0
144289,St John's CofE Primary School,State-funded primary,Huntingdon,322,13,31,101.0,31.37,62.0,3.0,105.0,104.0
144537,Jeavons Wood Primary School,State-funded primary,St Neots and Mid Cambridgeshire,430,13,70,64.0,16.08,75.0,13.0,107.0,109.0
144770,Trumpington Park Primary School,State-funded primary,Cambridge,417,21,57,128.0,30.94,70.0,9.0,108.0,107.0
144947,Downham Feoffees Primary Academy,State-funded primary,Ely and East Cambridgeshire,149,2,29,19.0,13.42,61.0,11.0,103.0,104.0
145147,Murrow Primary Academy,State-funded primary,North East Cambridgeshire,106,4,22,34.0,32.08,47.0,0.0,103.0,101.0
145246,Thriplow CofE Primary School,State-funded primary,South Cambridgeshire,99,3,12,13.0,13.13,75.0,0.0,110.0,108.0
145302,Farcet CofE (C) Primary School,State-funded primary,North West Cambridgeshire,86,5,6,29.0,33.72,38.0,0.0,102.0,99.0
145401,Earith Primary School,State-funded primary,Huntingdon,106,3,18,20.0,18.87,78.0,0.0,104.0,105.0
145423,Fen Ditton Primary School,State-funded primary,South Cambridgeshire,136,8,24,43.0,31.62,63.0,11.0,105.0,105.0
145424,Stapleford Community Primary School,State-funded primary,South Cambridgeshire,210,3,37,28.0,14.89,75.0,7.0,109.0,106.0
145425,Bottisham Community Primary School,State-funded primary,Ely and East Cambridgeshire,273,8,33,52.0,21.34,72.0,19.0,107.0,106.0
145553,Gorefield Primary Academy,State-funded primary,North East Cambridgeshire,100,5,22,26.0,27.0,29.0,0.0,102.0,97.0
145719,Stilton Church of England Primary Academy,State-funded primary,North West Cambridgeshire,176,3,35,38.0,23.75,65.0,4.0,107.0,103.0
145801,Bar Hill Community Primary School,State-funded primary,St Neots and Mid Cambridgeshire,252,12,36,33.0,13.49,74.0,12.0,108.0,107.0
145804,Lantern Community Primary School,State-funded primary,Ely and East Cambridgeshire,400,13,42,43.0,11.25,54.0,0.0,107.0,104.0
145924,Wintringham Primary Academy,State-funded primary,St Neots and Mid Cambridgeshire,300,16,47,61.0,28.76,59.0,7.0,106.0,104.0
146050,Upwood Primary Academy,State-funded primary,Huntingdon,200,11,25,44.0,22.0,45.0,0.0,103.0,102.0
146310,Thongsley Fields Primary and Nursery School,State-funded primary,Huntingdon,227,14,53,105.0,53.5,41.0,0.0,102.0,100.0
146357,Swaffham Prior Church of England Primary School,State-funded primary,Ely and East Cambridgeshire,95,3,20,18.0,20.21,94.0,18.0,109.0,110.0
146407,Westwood Primary School,State-funded primary,North East Cambridgeshire,747,12,177,277.0,37.35,42.0,3.0,106.0,102.0
146469,Swaffham Bulbeck Church of England Primary School,State-funded primary,Ely and East Cambridgeshire,90,4,26,15.0,17.86,75.0,13.0,108.0,107.0
146515,The Galfrid School,State-funded primary,Cambridge,248,23,59,117.0,47.18,35.0,0.0,102.0,100.0
146889,Holme CofE Primary School,State-funded primary,North West Cambridgeshire,116,3,22,18.0,15.52,59.0,6.0,107.0,105.0
146929,Warboys Primary Academy,State-funded primary,Huntingdon,318,10,40,78.0,24.84,48.0,4.0,105.0,103.0
146965,St Luke's CofE Primary School,State-funded primary,Cambridge,94,3,16,32.0,35.11,79.0,4.0,111.0,110.0
146968,Somersham Primary School,State-funded primary,Huntingdon,303,18,52,52.0,17.82,74.0,7.0,108.0,105.0
147110,Oakington CofE Primary School,State-funded primary,St Neots and Mid Cambridgeshire,110,1,26,29.0,27.52,72.0,16.0,107.0,104.0
147384,St Laurence Catholic Primary School,State-funded primary,Cambridge,216,17,29,80.0,37.04,63.0,20.0,106.0,103.0
147434,Pathfinder CofE Primary School,State-funded primary,St Neots and Mid Cambridgeshire,462,9,67,73.0,21.65,65.0,9.0,105.0,107.0
147441,Offord Primary School,State-funded primary,Huntingdon,88,6,16,17.0,19.32,68.0,11.0,107.0,106.0
148105,Girton Glebe Primary School,State-funded primary,St Neots and Mid Cambridgeshire,185,11,23,20.0,11.35,61.0,13.0,108.0,105.0
148454,The Icknield Primary School,State-funded primary,South Cambridgeshire,196,5,41,62.0,31.63,59.0,10.0,105.0,104.0
148983,Spaldwick Primary School,State-funded primary,Huntingdon,95,7,15,15.0,15.79,64.0,0.0,107.0,104.0
149098,Marleigh Primary Academy,State-funded primary,South Cambridgeshire,150,3,15,14.0,12.93,60.0,10.0,103.0,103.0
149958,Little Thetford CofE Primary School,State-funded primary,Ely and East Cambridgeshire,88,8,9,12.0,13.64,77.0,15.0,106.0,106.0
150022,Great Wilbraham CofE Primary Academy,State-funded primary,South Cambridgeshire,86,1,12,14.0,16.46,70.0,20.0,109.0,107.0
150374,Burrowmoor Primary Academy,State-funded primary,North East Cambridgeshire,345,10,69,127.0,43.05,32.0,0.0,100.0,98.0
150571,St Alban's Catholic Primary School,State-funded primary,Cambridge,211,2,20,9.0,4.74,83.0,20.0,109.0,109.0
150756,Burrough Green CofE Primary Academy,State-funded primary,Ely and East Cambridgeshire,54,3,5,8.0,14.81,,,,
